{
  "manufacturer": {
    "type": "string",
    "default": "all"
  },
  "price": {
    "type": "float",
    "default": 1067.5,
    "range": 2968
  },
  "operating_system": {
    "type": "string",
    "default": "all"
  },
  "battery_life": {
    "type": "float",
    "default": 5,
    "range": 7.5
  },
  "display_size": {
    "type": "float",
    "default": 14.1,
    "range": 15.6
  },
  "hard_drive_capacity": {
    "type": "float",
    "default": 160.0,
    "range": 380.0
  },
  "installed_memory": {
    "type": "float",
    "default": 1.0,
    "range": 3.75
  },
  "processor_class": {
    "type": "string",
    "default": "all"
  },
  "processor_speed": {
    "type": "float",
    "default": 1.8,
    "range": 2.214
  },
  "weight": {
    "type": "float",
    "default": 2.7,
    "range": 6.456
  }
}